ITEM,GPSX,GPSY,
,22.259833,114.129822,
,22.259723,114.129752,
,22.259723,114.129722,
,22.259723,114.129522,
,22.260046,114.129134
